{
  "__inputs": [
    {
      "name": "DS_PROMETHEUS",
      "label": "prometheus",
      "description": "",
      "type": "datasource",
      "pluginId": "prometheus",
      "pluginName": "Prometheus"
    }
  ],
  "__requires": [
    {
      "type": "grafana",
      "id": "grafana",
      "name": "Grafana",
      "version": "5.0.4"
    },
    {
      "type": "panel",
      "id": "graph",
      "name": "Graph",
      "version": "5.0.0"
    },
    {
      "type": "datasource",
      "id": "prometheus",
      "name": "Prometheus",
      "version": "5.0.0"
    },
    {
      "type": "panel",
      "id": "singlestat",
      "name": "Singlestat",
      "version": "5.0.0"
    }
  ],
  "annotations": {
    "list": [
      {
        "builtIn": 1,
        "datasource": "-- Grafana --",
        "enable": true,
        "hide": true,
        "iconColor": "rgba(0, 211, 255, 1)",
        "name": "Annotations & Alerts",
        "type": "dashboard"
      }
    ]
  },
  "editable": true,
  "gnetId": null,
  "graphTooltip": 0,
  "id": null,
  "links": [],
  "panels": [
    {
      "aliasColors": {},
      "bars": false,
      "dashLength": 10,
      "dashes": false,
      "datasource": "${DS_PROMETHEUS}",
      "description": "This represents the total [CPU resource requests](https://kubernetes.io/docs/concepts/configuration/manage-compute-resources-container/#meaning-of-cpu) in the cluster.\nFor comparison the total [allocatable CPU cores](https://github.com/kubernetes/community/blob/master/contributors/design-proposals/node-allocatable.md) is also shown.",
      "editable": true,
      "error": false,
      "fill": 1,
      "grid": {
        "threshold1Color": "rgba(216, 200, 27, 0.27)",
        "threshold2Color": "rgba(234, 112, 112, 0.22)"
      },
      "gridPos": {
        "h": 8,
        "w": 18,
        "x": 0,
        "y": 0
      },
      "id": 1,
      "isNew": false,
      "legend": {
        "alignAsTable": false,
        "avg": false,
        "current": false,
        "hideEmpty": false,
        "hideZero": false,
        "max": false,
        "min": false,
        "rightSide": false,
        "show": true,
        "total": false,
        "values": false
      },
      "lines": true,
      "linewidth": 1,
      "links": [],
      "nullPointMode": "null",
      "percentage": false,
      "pointradius": 5,
      "points": false,
      "renderer": "flot",
      "seriesOverrides": [],
      "spaceLength": 10,
      "stack": false,
      "steppedLine": false,
      "targets": [
        {
          "expr": "min(sum(kube_node_status_allocatable_cpu_cores) by (instance))",
          "hide": false,
          "intervalFactor": 2,
          "legendFormat": "Allocatable CPU Cores",
          "refId": "A",
          "step": 20
        },
        {
          "expr": "max(sum(kube_pod_container_resource_requests_cpu_cores) by (instance))",
          "hide": false,
          "intervalFactor": 2,
          "legendFormat": "Requested CPU Cores",
          "refId": "B",
          "step": 20
        }
      ],
      "thresholds": [],
      "timeFrom": null,
      "timeShift": null,
      "title": "CPU Cores",
      "tooltip": {
        "msResolution": false,
        "shared": true,
        "sort": 0,
        "value_type": "individual"
      },
      "type": "graph",
      "xaxis": {
        "buckets": null,
        "mode": "time",
        "name": null,
        "show": true,
        "values": []
      },
      "yaxes": [
        {
          "format": "short",
          "label": "CPU Cores",
          "logBase": 1,
          "show": true
        },
        {
          "format": "short",
          "logBase": 1,
          "show": true
        }
      ]
    },
    {
      "cacheTimeout": null,
      "colorBackground": false,
      "colorValue": false,
      "colors": [
        "rgba(50, 172, 45, 0.97)",
        "rgba(237, 129, 40, 0.89)",
        "rgba(245, 54, 54, 0.9)"
      ],
      "datasource": "${DS_PROMETHEUS}",
      "editable": true,
      "format": "percent",
      "gauge": {
        "maxValue": 100,
        "minValue": 0,
        "show": true,
        "thresholdLabels": false,
        "thresholdMarkers": true
      },
      "gridPos": {
        "h": 8,
        "w": 6,
        "x": 18,
        "y": 0
      },
      "hideTimeOverride": false,
      "id": 2,
      "interval": null,
      "links": [],
      "mappingType": 1,
      "mappingTypes": [
        {
          "name": "value to text",
          "value": 1
        },
        {
          "name": "range to text",
          "value": 2
        }
      ],
      "maxDataPoints": 100,
      "nullPointMode": "connected",
      "nullText": null,
      "postfix": "",
      "postfixFontSize": "50%",
      "prefix": "",
      "prefixFontSize": "50%",
      "rangeMaps": [
        {
          "from": "null",
          "text": "N/A",
          "to": "null"
        }
      ],
      "sparkline": {
        "fillColor": "rgba(31, 118, 189, 0.18)",
        "full": false,
        "lineColor": "rgb(31, 120, 193)",
        "show": true
      },
      "tableColumn": "",
      "targets": [
        {
          "expr": "max(sum(kube_pod_container_resource_requests_cpu_cores) by (instance)) / min(sum(kube_node_status_allocatable_cpu_cores) by (instance)) * 100",
          "intervalFactor": 2,
          "legendFormat": "",
          "refId": "A",
          "step": 240
        }
      ],
      "thresholds": "80, 90",
      "title": "CPU Cores",
      "transparent": false,
      "type": "singlestat",
      "valueFontSize": "110%",
      "valueMaps": [
        {
          "op": "=",
          "text": "N/A",
          "value": "null"
        }
      ],
      "valueName": "avg"
    },
    {
      "aliasColors": {},
      "bars": false,
      "dashLength": 10,
      "dashes": false,
      "datasource": "${DS_PROMETHEUS}",
      "description": "This represents the total [memory resource requests](https://kubernetes.io/docs/concepts/configuration/manage-compute-resources-container/#meaning-of-memory) in the cluster.\nFor comparison the total [allocatable memory](https://github.com/kubernetes/community/blob/master/contributors/design-proposals/node-allocatable.md) is also shown.",
      "editable": true,
      "error": false,
      "fill": 1,
      "grid": {
        "threshold1Color": "rgba(216, 200, 27, 0.27)",
        "threshold2Color": "rgba(234, 112, 112, 0.22)"
      },
      "gridPos": {
        "h": 8,
        "w": 18,
        "x": 0,
        "y": 8
      },
      "id": 3,
      "isNew": false,
      "legend": {
        "alignAsTable": false,
        "avg": false,
        "current": false,
        "hideEmpty": false,
        "hideZero": false,
        "max": false,
        "min": false,
        "rightSide": false,
        "show": true,
        "total": false,
        "values": false
      },
      "lines": true,
      "linewidth": 1,
      "links": [],
      "nullPointMode": "null",
      "percentage": false,
      "pointradius": 5,
      "points": false,
      "renderer": "flot",
      "seriesOverrides": [],
      "spaceLength": 10,
      "stack": false,
      "steppedLine": false,
      "targets": [
        {
          "expr": "min(sum(kube_node_status_allocatable_memory_bytes) by (instance))",
          "hide": false,
          "intervalFactor": 2,
          "legendFormat": "Allocatable Memory",
          "refId": "A",
          "step": 20
        },
        {
          "expr": "max(sum(kube_pod_container_resource_requests_memory_bytes) by (instance))",
          "hide": false,
          "intervalFactor": 2,
          "legendFormat": "Requested Memory",
          "refId": "B",
          "step": 20
        }
      ],
      "thresholds": [],
      "timeFrom": null,
      "timeShift": null,
      "title": "Memory",
      "tooltip": {
        "msResolution": false,
        "shared": true,
        "sort": 0,
        "value_type": "individual"
      },
      "type": "graph",
      "xaxis": {
        "buckets": null,
        "mode": "time",
        "name": null,
        "show": true,
        "values": []
      },
      "yaxes": [
        {
          "format": "bytes",
          "label": "Memory",
          "logBase": 1,
          "show": true
        },
        {
          "format": "short",
          "logBase": 1,
          "show": true
        }
      ]
    },
    {
      "cacheTimeout": null,
      "colorBackground": false,
      "colorValue": false,
      "colors": [
        "rgba(50, 172, 45, 0.97)",
        "rgba(237, 129, 40, 0.89)",
        "rgba(245, 54, 54, 0.9)"
      ],
      "datasource": "${DS_PROMETHEUS}",
      "editable": true,
      "format": "percent",
      "gauge": {
        "maxValue": 100,
        "minValue": 0,
        "show": true,
        "thresholdLabels": false,
        "thresholdMarkers": true
      },
      "gridPos": {
        "h": 8,
        "w": 6,
        "x": 18,
        "y": 8
      },
      "hideTimeOverride": false,
      "id": 4,
      "interval": null,
      "links": [],
      "mappingType": 1,
      "mappingTypes": [
        {
          "name": "value to text",
          "value": 1
        },
        {
          "name": "range to text",
          "value": 2
        }
      ],
      "maxDataPoints": 100,
      "nullPointMode": "connected",
      "nullText": null,
      "postfix": "",
      "postfixFontSize": "50%",
      "prefix": "",
      "prefixFontSize": "50%",
      "rangeMaps": [
        {
          "from": "null",
          "text": "N/A",
          "to": "null"
        }
      ],
      "sparkline": {
        "fillColor": "rgba(31, 118, 189, 0.18)",
        "full": false,
        "lineColor": "rgb(31, 120, 193)",
        "show": true
      },
      "tableColumn": "",
      "targets": [
        {
          "expr": "max(sum(kube_pod_container_resource_requests_memory_bytes) by (instance)) / min(sum(kube_node_status_allocatable_memory_bytes) by (instance)) * 100",
          "intervalFactor": 2,
          "legendFormat": "",
          "refId": "A",
          "step": 240
        }
      ],
      "thresholds": "80, 90",
      "title": "Memory",
      "transparent": false,
      "type": "singlestat",
      "valueFontSize": "110%",
      "valueMaps": [
        {
          "op": "=",
          "text": "N/A",
          "value": "null"
        }
      ],
      "valueName": "avg"
    }
  ],
  "refresh": false,
  "schemaVersion": 16,
  "style": "dark",
  "tags": [
    "kubernetes"
  ],
  "templating": {
    "list": []
  },
  "time": {
    "from": "now-3h",
    "to": "now"
  },
  "timepicker": {
    "refresh_intervals": [
      "5s",
      "10s",
      "30s",
      "1m",
      "5m",
      "15m",
      "30m",
      "1h",
      "2h",
      "1d"
    ],
    "time_options": [
      "5m",
      "15m",
      "1h",
      "6h",
      "12h",
      "24h",
      "2d",
      "7d",
      "30d"
    ]
  },
  "timezone": "browser",
  "title": "Kubernetes Resource Requests",
  "uid": "eP-evvWiz",
  "version": 2
}